{"cameraMode":{"drawMode":0,"name":"Shaded","section":"Shading Mode"},"sceneLighting":true,"audioPlay":false,"sceneViewState":{"showFog":true,"showMaterialUpdate":false,"showSkybox":true,"showFlares":true,"showImageEffects":true,"showParticleSystems":true},"in2DMode":false,"pivot":{"x":482.20697021484377,"y":118.07846069335938,"z":892.09521484375},"rotation":{"x":0.05787559971213341,"y":0.9420839548110962,"z":-0.2290465086698532,"w":0.23804637789726258},"size":181.94552612304688,"orthographic":false}