{"cameraMode":{"drawMode":0,"name":"Shaded","section":"Shading Mode"},"sceneLighting":false,"audioPlay":false,"sceneViewState":{"showFog":true,"showMaterialUpdate":false,"showSkybox":false,"showFlares":true,"showImageEffects":true,"showParticleSystems":true},"in2DMode":false,"pivot":{"x":251.92845153808595,"y":9.607254981994629,"z":223.77928161621095},"rotation":{"x":0.00601550005376339,"y":0.4151328504085541,"z":-0.002740526106208563,"w":0.9097421765327454},"size":9.094317436218262,"orthographic":false}